{
    "id": "custom",
    "name": "7#4 1337357",
    "description": "",
    "graphs": {
        "ɑ": "@",
        "æ": "4",
        "ʌ": "U",
        "ɔ": "4W",
        "aʊ": "@u",
        "aɪ": "4!",
        "ɛ": "3",
        "ɝ": "Ur",
        "ə": "u",
        "ɚ": "'r",
        "eɪ": "3!",
        "ɪ": "!",
        "i": "33",
        "oʊ": "0u",
        "ɔɪ": "0!",
        "ʊ": "|_|",
        "u": "00",
        "b": "8",
        "tʃ": "¢",
        "d": "d",
        "ð": "+h",
        "f": "ph",
        "g": "6",
        "h": "#",
        "dʒ": "j",
        "k": "k",
        "l": "1",
        "m": "m",
        "n": "n",
        "ŋ": "ng",
        "p": "p",
        "ɹ": "r",
        "s": "5",
        "ʃ": "$",
        "t": "7",
        "θ": "+h",
        "v": "v",
        "w": "w",
        "j": "y",
        "z": "z",
        "ʒ": "%"
    },
    "ligatures": {
        "700": "2",
        "4nd": "&",
        "ngg": "ng"
    },
    "exception-words": {
        "to": "2",
        "two": "2",
        "too": "2",
        "the": "t3h",
        "you": "j00",
        "a": "4"
    },
    "options": {
        "preserve-case": false
    }
}