{
    "id": "custom",
    "name": "Easy Peasy",
    "description": "Some nice, friendly digraphs",
    "graphs": {
        "ɑ": "ah",
        "æ": "a",
        "ʌ": "u",
        "ɔ": "aw",
        "aʊ": "au",
        "aɪ": "ai",
        "ɛ": "e",
        "ɝ": "ur",
        "ə": "u",
        "ɚ": "ur",
        "eɪ": "ei",
        "ɪ": "i",
        "i": "ee",
        "oʊ": "oa",
        "ɔɪ": "oi",
        "ʊ": "uh",
        "u": "oo",
        "b": "b",
        "tʃ": "ch",
        "d": "d",
        "ð": "dh",
        "f": "f",
        "g": "g",
        "h": "h",
        "dʒ": "j",
        "k": "k",
        "l": "l",
        "m": "m",
        "n": "n",
        "ŋ": "ng",
        "p": "p",
        "ɹ": "r",
        "s": "s",
        "ʃ": "sh",
        "t": "t",
        "θ": "th",
        "v": "v",
        "w": "w",
        "j": "y",
        "z": "z",
        "ʒ": "zh"
    },
    "ligatures": {
        "ngg": "ng"
    },
    "exception-words": {},
    "options": {
        "preserve-case": true
    }
}