{
    "id": "custom",
    "name": "Germanesque",
    "description": "Imitation of German spelling conventions",
    "graphs": {
        "ɑ": "a",
        "æ": "a",
        "ʌ": "u",
        "ɔ": "ö",
        "aʊ": "au",
        "aɪ": "ei",
        "ɛ": "e",
        "ɝ": "er",
        "ə": "a",
        "ɚ": "er",
        "eɪ": "ä",
        "ɪ": "i",
        "i": "ie",
        "oʊ": "o",
        "ɔɪ": "eu",
        "ʊ": "u",
        "u": "ü",
        "b": "b",
        "tʃ": "tsch",
        "d": "d",
        "ð": "th",
        "f": "f",
        "g": "g",
        "h": "h",
        "dʒ": "dsch",
        "k": "k",
        "l": "l",
        "m": "m",
        "n": "n",
        "ŋ": "ng",
        "p": "p",
        "ɹ": "r",
        "s": "s",
        "ʃ": "sch",
        "t": "t",
        "θ": "th",
        "v": "v",
        "w": "w",
        "j": "j",
        "z": "se",
        "ʒ": "dsch"
    },
    "ligatures": {
        "ngg": "ng",
        "kw": "qu"
    },
    "exception-words": {},
    "options": {
        "preserve-case": true
    }
}