{
    "id": "custom",
    "name": "Space-saver",
    "description": "Save hundreds on ink and bandwidth costs.",
    "graphs": {
        "ɑ": "ā",
        "æ": "a",
        "ʌ": "u",
        "ɔ": "ŏ",
        "aʊ": "ă",
        "aɪ": "â",
        "ɛ": "e",
        "ɝ": "r̆",
        "ə": "u",
        "ɚ": "r̆",
        "eɪ": "ê",
        "ɪ": "i",
        "i": "ī",
        "oʊ": "o",
        "ɔɪ": "ô",
        "ʊ": "ù",
        "u": "ū",
        "b": "b",
        "tʃ": "ĉ",
        "d": "d",
        "ð": "d̂",
        "f": "f",
        "g": "g",
        "h": "h",
        "dʒ": "j",
        "k": "k",
        "l": "l",
        "m": "m",
        "n": "n",
        "ŋ": "ñ",
        "p": "p",
        "ɹ": "r",
        "s": "s",
        "ʃ": "ŝ",
        "t": "t",
        "θ": "t̂",
        "v": "v",
        "w": "w",
        "j": "y",
        "z": "z",
        "ʒ": "ĝ"
    },
    "ligatures": {},
    "exception-words": {},
    "options": {
        "preserve-case": false
    }
}